<?xml version="1.0" encoding="UTF-8"?>
<extension client="administrator" type="language" method="upgrade">
	<name>Korean (ko-KR)</name>
	<tag>ko-KR</tag>
	<version>5.0.3</version>
	<creationDate>2024-01</creationDate>
	<author>Joomla! 프로젝트</author>
	<authorEmail>admin@joomla.org</authorEmail>
	<authorUrl>www.joomla.org</authorUrl>
	<copyright>(C) 2013 Open Source Matters, Inc.</copyright>
	<license>GNU General Public License 버전 2 이상 LICENSE.txt 참조</license>
	<description>ko-KR administrator language</description>
	<files>
		<folder>/</folder>
		<filename file="meta">install.xml</filename>
	</files>
	<params/>
</extension>
